run_id,compiler_id,contract,profile,tx_id,success,gas_used,baseline_gas_used,gas_delta,gas_pct,status_match,logs_match,revert_data_match,storage_match,duration_ms,error
solc-0.8.35,solc-0.8.35,0x83bc649fcdb2c8da146b2154a559ddedf937ef12,default,etherfi-requestWithdraw,true,172675,172675,0,0.0,true,true,true,true,26,
solc-0.8.35,solc-0.8.35,0x83bc649fcdb2c8da146b2154a559ddedf937ef12,optimized,etherfi-requestWithdraw,true,167881,167881,0,0.0,true,true,true,true,22,
solc-0.8.35,solc-0.8.35,0x83bc649fcdb2c8da146b2154a559ddedf937ef12,optimized-high-runs,etherfi-requestWithdraw,true,167540,167540,0,0.0,true,true,true,true,23,
solc-0.8.35,solc-0.8.35,0x83bc649fcdb2c8da146b2154a559ddedf937ef12,optimized-low-runs,etherfi-requestWithdraw,true,168852,168852,0,0.0,true,true,true,true,22,
solc-0.8.35,solc-0.8.35,0x83bc649fcdb2c8da146b2154a559ddedf937ef12,via-ir,etherfi-requestWithdraw,true,168284,168284,0,0.0,true,true,true,true,20,
solc-0.8.35,solc-0.8.35,0x83bc649fcdb2c8da146b2154a559ddedf937ef12,via-ir-high-runs,etherfi-requestWithdraw,true,168029,168029,0,0.0,true,true,true,true,21,
solc-0.8.35,solc-0.8.35,0x83bc649fcdb2c8da146b2154a559ddedf937ef12,via-ir-low-runs,etherfi-requestWithdraw,true,168343,168343,0,0.0,true,true,true,true,21,
solc-0.8.35,solc-0.8.35,0x88e6a0c2ddd26feeb64f039a2c41296fcb3f5640,default,uniswapv3-swap,true,659638,659638,0,0.0,true,true,true,true,68,
solc-0.8.35,solc-0.8.35,0x88e6a0c2ddd26feeb64f039a2c41296fcb3f5640,optimized,uniswapv3-swap,true,646891,646891,0,0.0,true,true,true,true,64,
solc-0.8.35,solc-0.8.35,0x88e6a0c2ddd26feeb64f039a2c41296fcb3f5640,optimized-high-runs,uniswapv3-swap,true,645537,645537,0,0.0,true,true,true,true,70,
solc-0.8.35,solc-0.8.35,0x88e6a0c2ddd26feeb64f039a2c41296fcb3f5640,optimized-low-runs,uniswapv3-swap,true,647024,647024,0,0.0,true,true,true,true,68,
solc-0.8.35,solc-0.8.35,0x88e6a0c2ddd26feeb64f039a2c41296fcb3f5640,via-ir,uniswapv3-swap,true,643218,643218,0,0.0,true,true,true,true,64,
solc-0.8.35,solc-0.8.35,0x88e6a0c2ddd26feeb64f039a2c41296fcb3f5640,via-ir-high-runs,uniswapv3-swap,true,642712,642712,0,0.0,true,true,true,true,66,
solc-0.8.35,solc-0.8.35,0x88e6a0c2ddd26feeb64f039a2c41296fcb3f5640,via-ir-low-runs,uniswapv3-swap,true,643470,643470,0,0.0,true,true,true,true,64,
solc-0.8.35,solc-0.8.35,0xc02aaa39b223fe8d0a0e5c4f27ead9083c756cc2,default,weth-deposit,true,45326,45326,0,0.0,true,true,true,true,1,
solc-0.8.35,solc-0.8.35,0xc02aaa39b223fe8d0a0e5c4f27ead9083c756cc2,default,weth-transfer,true,35500,35500,0,0.0,true,true,true,true,2,
solc-0.8.35,solc-0.8.35,0xc02aaa39b223fe8d0a0e5c4f27ead9083c756cc2,optimized,weth-deposit,true,44976,44976,0,0.0,true,true,true,true,1,
solc-0.8.35,solc-0.8.35,0xc02aaa39b223fe8d0a0e5c4f27ead9083c756cc2,optimized,weth-transfer,true,34687,34687,0,0.0,true,true,true,true,1,
solc-0.8.35,solc-0.8.35,0xc02aaa39b223fe8d0a0e5c4f27ead9083c756cc2,optimized-high-runs,weth-deposit,true,44932,44932,0,0.0,true,true,true,true,1,
solc-0.8.35,solc-0.8.35,0xc02aaa39b223fe8d0a0e5c4f27ead9083c756cc2,optimized-high-runs,weth-transfer,true,34559,34559,0,0.0,true,true,true,true,1,
solc-0.8.35,solc-0.8.35,0xc02aaa39b223fe8d0a0e5c4f27ead9083c756cc2,optimized-low-runs,weth-deposit,true,45064,45064,0,0.0,true,true,true,true,1,
solc-0.8.35,solc-0.8.35,0xc02aaa39b223fe8d0a0e5c4f27ead9083c756cc2,optimized-low-runs,weth-transfer,true,34775,34775,0,0.0,true,true,true,true,1,
solc-0.8.35,solc-0.8.35,0xc02aaa39b223fe8d0a0e5c4f27ead9083c756cc2,via-ir,weth-deposit,true,45009,45009,0,0.0,true,true,true,true,1,
solc-0.8.35,solc-0.8.35,0xc02aaa39b223fe8d0a0e5c4f27ead9083c756cc2,via-ir,weth-transfer,true,34407,34407,0,0.0,true,true,true,true,1,
solc-0.8.35,solc-0.8.35,0xc02aaa39b223fe8d0a0e5c4f27ead9083c756cc2,via-ir-high-runs,weth-deposit,true,45009,45009,0,0.0,true,true,true,true,1,
solc-0.8.35,solc-0.8.35,0xc02aaa39b223fe8d0a0e5c4f27ead9083c756cc2,via-ir-high-runs,weth-transfer,true,34371,34371,0,0.0,true,true,true,true,1,
solc-0.8.35,solc-0.8.35,0xc02aaa39b223fe8d0a0e5c4f27ead9083c756cc2,via-ir-low-runs,weth-deposit,true,45009,45009,0,0.0,true,true,true,true,1,
solc-0.8.35,solc-0.8.35,0xc02aaa39b223fe8d0a0e5c4f27ead9083c756cc2,via-ir-low-runs,weth-transfer,true,34436,34436,0,0.0,true,true,true,true,1,
solc-0.8.35,solc-0.8.35,0xd86756dbb01e75a11aadacb75c8495759ed92033,default,oeth-swap,true,400443,400443,0,0.0,true,true,true,true,59,
solc-0.8.35,solc-0.8.35,0xd86756dbb01e75a11aadacb75c8495759ed92033,optimized,oeth-swap,true,390576,390576,0,0.0,true,true,true,true,57,
solc-0.8.35,solc-0.8.35,0xd86756dbb01e75a11aadacb75c8495759ed92033,optimized-high-runs,oeth-swap,true,389618,389618,0,0.0,true,true,true,true,57,
solc-0.8.35,solc-0.8.35,0xd86756dbb01e75a11aadacb75c8495759ed92033,optimized-low-runs,oeth-swap,true,391840,391840,0,0.0,true,true,true,true,53,
solc-0.8.35,solc-0.8.35,0xd86756dbb01e75a11aadacb75c8495759ed92033,via-ir,oeth-swap,true,388935,388935,0,0.0,true,true,true,true,53,
solc-0.8.35,solc-0.8.35,0xd86756dbb01e75a11aadacb75c8495759ed92033,via-ir-high-runs,oeth-swap,true,388674,388674,0,0.0,true,true,true,true,56,
solc-0.8.35,solc-0.8.35,0xd86756dbb01e75a11aadacb75c8495759ed92033,via-ir-low-runs,oeth-swap,true,388935,388935,0,0.0,true,true,true,true,55,
solc-0.8.35,solc-0.8.35,0xfe89fd96f270ac3c0f11921af0390dbb1340f704,default,aavev4hub-borrow,true,258279,258279,0,0.0,true,true,true,true,49,
solc-0.8.35,solc-0.8.35,0xfe89fd96f270ac3c0f11921af0390dbb1340f704,default,aavev4hub-repay,true,168673,168673,0,0.0,true,true,true,true,28,
solc-0.8.35,solc-0.8.35,0xfe89fd96f270ac3c0f11921af0390dbb1340f704,optimized,aavev4hub-borrow,true,245267,245267,0,0.0,true,true,true,true,45,
solc-0.8.35,solc-0.8.35,0xfe89fd96f270ac3c0f11921af0390dbb1340f704,optimized,aavev4hub-repay,true,156848,156848,0,0.0,true,true,true,true,23,
solc-0.8.35,solc-0.8.35,0xfe89fd96f270ac3c0f11921af0390dbb1340f704,optimized-high-runs,aavev4hub-borrow,true,244245,244245,0,0.0,true,true,true,true,49,
solc-0.8.35,solc-0.8.35,0xfe89fd96f270ac3c0f11921af0390dbb1340f704,optimized-high-runs,aavev4hub-repay,true,155762,155762,0,0.0,true,true,true,true,27,
solc-0.8.35,solc-0.8.35,0xfe89fd96f270ac3c0f11921af0390dbb1340f704,optimized-low-runs,aavev4hub-borrow,true,247925,247925,0,0.0,true,true,true,true,47,
solc-0.8.35,solc-0.8.35,0xfe89fd96f270ac3c0f11921af0390dbb1340f704,optimized-low-runs,aavev4hub-repay,true,158037,158037,0,0.0,true,true,true,true,23,
solc-0.8.35,solc-0.8.35,0xfe89fd96f270ac3c0f11921af0390dbb1340f704,via-ir,aavev4hub-borrow,true,244047,244047,0,0.0,true,true,true,true,44,
solc-0.8.35,solc-0.8.35,0xfe89fd96f270ac3c0f11921af0390dbb1340f704,via-ir,aavev4hub-repay,true,154609,154609,0,0.0,true,true,true,true,22,
solc-0.8.35,solc-0.8.35,0xfe89fd96f270ac3c0f11921af0390dbb1340f704,via-ir-high-runs,aavev4hub-borrow,true,243695,243695,0,0.0,true,true,true,true,45,
solc-0.8.35,solc-0.8.35,0xfe89fd96f270ac3c0f11921af0390dbb1340f704,via-ir-high-runs,aavev4hub-repay,true,154027,154027,0,0.0,true,true,true,true,23,
solc-0.8.35,solc-0.8.35,0xfe89fd96f270ac3c0f11921af0390dbb1340f704,via-ir-low-runs,aavev4hub-borrow,true,244427,244427,0,0.0,true,true,true,true,46,
solc-0.8.35,solc-0.8.35,0xfe89fd96f270ac3c0f11921af0390dbb1340f704,via-ir-low-runs,aavev4hub-repay,true,154941,154941,0,0.0,true,true,true,true,23,
